{
  "rab37": {
    "hs_location": 110.50251713293918, 
    "ph_location": 112.86100043738627, 
    "ph_scale": 11.00197156371245, 
    "hs_scale": 8.85713380184737
  }, 
  "rab36": {
    "hs_location": 154.27225307156183, 
    "ph_location": 153.74148083154392, 
    "ph_scale": 13.191095803448913, 
    "hs_scale": 10.547615274982139
  }, 
  "rab35": {
    "hs_location": 115.54431992907797, 
    "ph_location": 103.87399817079049, 
    "ph_scale": 9.47296089684178, 
    "hs_scale": 7.3826503618836661
  }, 
  "rab34": {
    "hs_location": 145.45197903313579, 
    "ph_location": 135.52014224397288, 
    "ph_scale": 19.112078895577888, 
    "hs_scale": 15.767070556498247
  }, 
  "rab33": {
    "hs_location": 105.59006053613837, 
    "ph_location": 115.62884579194503, 
    "ph_scale": 17.247202618408643, 
    "hs_scale": 6.0107023702203737
  }, 
  "rab32": {
    "hs_location": 90.09531273304782, 
    "ph_location": 98.873651086406085, 
    "ph_scale": 14.356718244005002, 
    "hs_scale": 9.7541151105834683
  }, 
  "rab31": {
    "hs_location": 81.80860773881858, 
    "ph_location": 110.0, 
    "ph_scale": 15.0, 
    "hs_scale": 2.7012575455240988
  }, 
  "rab30": {
    "hs_location": 92.13381526005665, 
    "ph_location": 101.30909576267439, 
    "ph_scale": 11.416270809030074, 
    "hs_scale": 5.8876368532463452
  }, 
  "AtRabA3": {
    "hs_location": 120.0, 
    "ph_location": 105.0, 
    "ph_scale": 8.0, 
    "hs_scale": 4.0
  }, 
  "rab39": {
    "hs_location": 101.83195511848115, 
    "ph_location": 105.0507912079984, 
    "ph_scale": 14.525110269996928, 
    "hs_scale": 7.37297909095264
  }, 
  "rab38": {
    "hs_location": 115.50420607748168, 
    "ph_location": 119.51651789374806, 
    "ph_scale": 9.4229366473151632, 
    "hs_scale": 7.3768246061901355
  }, 
  "rab19": {
    "hs_location": 110.7404138900946, 
    "ph_location": 114.14914068639489, 
    "ph_scale": 11.893651245658111, 
    "hs_scale": 7.4936333863229603
  }, 
  "rab18": {
    "hs_location": 90.0, 
    "ph_location": 105.0, 
    "ph_scale": 10.0, 
    "hs_scale": 8.0
  }, 
  "AtRabA4": {
    "hs_location": 115.2119186465369, 
    "ph_location": 116.35510154639604, 
    "ph_scale": 6.4473714329898311, 
    "hs_scale": 2.3620499593483872
  }, 
  "AtRabA5": {
    "hs_location": 107.45820959892568, 
    "ph_location": 106.35257144500579, 
    "ph_scale": 7.7474197174359247, 
    "hs_scale": 4.2321050665757358
  }, 
  "ypt11": {
    "hs_location": 220.0, 
    "ph_location": 180.0, 
    "ph_scale": 20.0, 
    "hs_scale": 10.0
  }, 
  "AtRabA1": {
    "hs_location": 118.11224594281279, 
    "ph_location": 115.0, 
    "ph_scale": 6.0, 
    "hs_scale": 3.7542840667107296
  }, 
  "rab11": {
    "hs_location": 98.302966134339329, 
    "ph_location": 111.72376995035665, 
    "ph_scale": 10.768590970762617, 
    "hs_scale": 5.7152455011207151
  }, 
  "rab10": {
    "hs_location": 97.679520462267391, 
    "ph_location": 102.69380670856515, 
    "ph_scale": 10.713887179419169, 
    "hs_scale": 7.1226513989782507
  }, 
  "rab13": {
    "hs_location": 105.0, 
    "ph_location": 100.0, 
    "ph_scale": 8.0, 
    "hs_scale": 8.0
  }, 
  "rab12": {
    "hs_location": 124.11626949686161, 
    "ph_location": 118.45982459968312, 
    "ph_scale": 14.241112928834751, 
    "hs_scale": 12.857326449458508
  }, 
  "rab15": {
    "hs_location": 91.922416167592019, 
    "ph_location": 91.859313757717388, 
    "ph_scale": 12.032643037788574, 
    "hs_scale": 11.239775979846579
  }, 
  "rab14": {
    "hs_location": 130.34293546420622, 
    "ph_location": 120.5419128654422, 
    "ph_scale": 11.183093153926226, 
    "hs_scale": 10.935902825156372
  }, 
  "rab17": {
    "hs_location": 96.861686902978548, 
    "ph_location": 89.848329277301559, 
    "ph_scale": 8.2635154073108108, 
    "hs_scale": 7.2958353535017491
  }, 
  "AtRabC2": {
    "hs_location": 98.528222779997719, 
    "ph_location": 98.229056745384867, 
    "ph_scale": 7.7515081558523367, 
    "hs_scale": 3.2401748712677074
  }, 
  "EhRabA": {
    "hs_location": 117.43179827593301, 
    "ph_location": 117.60205999132796, 
    "ph_scale": 3, 
    "hs_scale": 5
  }, 
  "AtRabG1": {
    "hs_location": 120.0, 
    "ph_location": 105.0, 
    "ph_scale": 8.0, 
    "hs_scale": 8.0
  }, 
  "rabL4": {
    "hs_location": 92.594441968122567, 
    "ph_location": 79.470772278770369, 
    "ph_scale": 8.5954615501108584, 
    "hs_scale": 10.902318819091958
  }, 
  "rabL2": {
    "hs_location": 90.0, 
    "ph_location": 101.9304648065294, 
    "ph_scale": 12.971483201609001, 
    "hs_scale": 6.0
  }, 
  "rab20": {
    "hs_location": 118.42225745735112, 
    "ph_location": 118.9171275773315, 
    "ph_scale": 9.5786363469385432, 
    "hs_scale": 5.6962240929257524
  }, 
  "rab21": {
    "hs_location": 84.249779363084571, 
    "ph_location": 105.0, 
    "ph_scale": 12.0, 
    "hs_scale": 5.6898964784625923
  }, 
  "rab22": {
    "hs_location": 94.644768151384909, 
    "ph_location": 105.0, 
    "ph_scale": 10.0, 
    "hs_scale": 5.7242384484675526
  }, 
  "rab23": {
    "hs_location": 104.96745201148045, 
    "ph_location": 118.40625144136293, 
    "ph_scale": 17.651189904874357, 
    "hs_scale": 5.2377654207761175
  }, 
  "rab24": {
    "hs_location": 86.179057286964337, 
    "ph_location": 89.627305917539189, 
    "ph_scale": 13.146584842034116, 
    "hs_scale": 6.1061221194880551
  }, 
  "rab25": {
    "hs_location": 100.0, 
    "ph_location": 110.0, 
    "ph_scale": 9.0, 
    "hs_scale": 6.0
  }, 
  "rab26": {
    "hs_location": 117.55685812683961, 
    "ph_location": 119.03354072864488, 
    "ph_scale": 16.956055401192053, 
    "hs_scale": 13.797988016124316
  }, 
  "rab27": {
    "hs_location": 108.07086622394698, 
    "ph_location": 123.222674804316, 
    "ph_scale": 12.50437693055126, 
    "hs_scale": 5.4404844182441181
  }, 
  "rab28": {
    "hs_location": 105.10669511279951, 
    "ph_location": 114.66904028401005, 
    "ph_scale": 16.457470327168409, 
    "hs_scale": 10.019534831689649
  }, 
  "rab29": {
    "hs_location": 93.403191427846338, 
    "ph_location": 110.37627077998111, 
    "ph_scale": 16.111245608445209, 
    "hs_scale": 4.7471190691955965
  }, 
  "rab44": {
    "hs_location": 74.537203766561419, 
    "ph_location": 80.417892052715445, 
    "ph_scale": 9.4863571039287233, 
    "hs_scale": 5.2825819288059304
  }, 
  "rab45": {
    "hs_location": 85.808685322935929, 
    "ph_location": 99.42375830026316, 
    "ph_scale": 14.380512238188775, 
    "hs_scale": 4.6802891351887634
  }, 
  "rab42": {
    "hs_location": 115.61376514580337, 
    "ph_location": 111.89963171249778, 
    "ph_scale": 7.1521889372872689, 
    "hs_scale": 6.2893279051776325
  }, 
  "rab43": {
    "hs_location": 92.687825356173008, 
    "ph_location": 105.0, 
    "ph_scale": 10.0, 
    "hs_scale": 3.5194770512294888
  }, 
  "rab40": {
    "hs_location": 136.43112216288233, 
    "ph_location": 145.53510752463814, 
    "ph_scale": 14.899719762730209, 
    "hs_scale": 9.9304301168040823
  }, 
  "rab41": {
    "hs_location": 120.0, 
    "ph_location": 120.0, 
    "ph_scale": 4.0, 
    "hs_scale": 4.0
  }, 
  "CeRabY6": {
    "hs_location": 159.5940654596086, 
    "ph_location": 137.22645665072685, 
    "ph_scale": 7.8773840110812934, 
    "hs_scale": 4.4298034521908889
  }, 
  "AtRabD1": {
    "hs_location": 124.53237313172002, 
    "ph_location": 105.45215742399409, 
    "ph_scale": 8.7895562554068363, 
    "hs_scale": 1.6371682834782817
  }, 
  "rab1": {
    "hs_location": 91.862150945605805, 
    "ph_location": 108.73261942225132, 
    "ph_scale": 10.65571100765097, 
    "hs_scale": 5.9766675332269035
  }, 
  "AtRabA6": {
    "hs_location": 119.57430843768623, 
    "ph_location": 102.27975984366687, 
    "ph_scale": 6.7337732327023998, 
    "hs_scale": 1.397710560511283
  }, 
  "rab3": {
    "hs_location": 110.0, 
    "ph_location": 120.0, 
    "ph_scale": 8.0, 
    "hs_scale": 6.0
  }, 
  "rab2": {
    "hs_location": 95.36328052624026, 
    "ph_location": 117.21959763946276,